{"Unnamed: 0":2,"title":2}
{"Unnamed: 0":5,"title":5}
{"Unnamed: 0":6,"title":6}
{"Unnamed: 0":8,"title":8}
{"Unnamed: 0":2,"title":2}
{"Unnamed: 0":13,"title":13}
{"Unnamed: 0":11,"title":11}
{"Unnamed: 0":5,"title":5}
{"Unnamed: 0":12,"title":12}
{"Unnamed: 0":8,"title":8}
{"Unnamed: 0":18,"title":18}
{"Unnamed: 0":1,"title":1}
{"Unnamed: 0":5,"title":5}
{"Unnamed: 0":8,"title":8}
{"Unnamed: 0":2,"title":2}
{"Unnamed: 0":2,"title":2}
{"Unnamed: 0":2,"title":2}
{"Unnamed: 0":8,"title":8}
{"Unnamed: 0":16,"title":16}
{"Unnamed: 0":11,"title":11}
{"Unnamed: 0":1,"title":1}
{"Unnamed: 0":26,"title":26}
{"Unnamed: 0":7,"title":7}
{"Unnamed: 0":1,"title":1}
{"Unnamed: 0":2,"title":2}
{"Unnamed: 0":5,"title":5}
{"Unnamed: 0":2,"title":2}
{"Unnamed: 0":3,"title":3}
{"Unnamed: 0":11,"title":11}
{"Unnamed: 0":14,"title":14}
{"Unnamed: 0":2,"title":2}
{"Unnamed: 0":2,"title":2}
{"Unnamed: 0":1,"title":1}
{"Unnamed: 0":6,"title":6}
{"Unnamed: 0":3,"title":3}
{"Unnamed: 0":8,"title":8}
{"Unnamed: 0":12,"title":12}
{"Unnamed: 0":1,"title":1}
{"Unnamed: 0":10,"title":10}
{"Unnamed: 0":4,"title":4}
{"Unnamed: 0":7,"title":7}
{"Unnamed: 0":19,"title":19}
{"Unnamed: 0":6,"title":6}
{"Unnamed: 0":16,"title":16}
{"Unnamed: 0":2,"title":2}
{"Unnamed: 0":1,"title":1}
{"Unnamed: 0":10,"title":10}
{"Unnamed: 0":9,"title":9}
{"Unnamed: 0":2,"title":2}
{"Unnamed: 0":10,"title":10}
{"Unnamed: 0":2,"title":2}
{"Unnamed: 0":9,"title":9}
{"Unnamed: 0":2,"title":2}
{"Unnamed: 0":40,"title":40}
{"Unnamed: 0":3,"title":3}
{"Unnamed: 0":4,"title":4}
{"Unnamed: 0":2,"title":2}
{"Unnamed: 0":11,"title":11}
{"Unnamed: 0":9,"title":9}
{"Unnamed: 0":3,"title":3}
{"Unnamed: 0":5,"title":5}
{"Unnamed: 0":5,"title":5}
{"Unnamed: 0":7,"title":7}
{"Unnamed: 0":4,"title":4}
{"Unnamed: 0":5,"title":5}
{"Unnamed: 0":17,"title":17}
{"Unnamed: 0":13,"title":13}
{"Unnamed: 0":10,"title":10}
{"Unnamed: 0":18,"title":18}
{"Unnamed: 0":3,"title":3}
{"Unnamed: 0":17,"title":17}
{"Unnamed: 0":21,"title":21}
{"Unnamed: 0":2,"title":2}
{"Unnamed: 0":9,"title":9}
{"Unnamed: 0":4,"title":4}
{"Unnamed: 0":3,"title":3}
{"Unnamed: 0":7,"title":7}
{"Unnamed: 0":4,"title":4}
{"Unnamed: 0":5,"title":5}
{"Unnamed: 0":11,"title":11}
{"Unnamed: 0":1,"title":1}
{"Unnamed: 0":12,"title":12}
{"Unnamed: 0":5,"title":5}
{"Unnamed: 0":7,"title":7}
{"Unnamed: 0":1,"title":1}
{"Unnamed: 0":8,"title":8}
{"Unnamed: 0":17,"title":17}
{"Unnamed: 0":3,"title":3}
{"Unnamed: 0":25,"title":25}
{"Unnamed: 0":1,"title":1}
{"Unnamed: 0":14,"title":14}
{"Unnamed: 0":6,"title":6}
{"Unnamed: 0":16,"title":16}
{"Unnamed: 0":3,"title":3}
{"Unnamed: 0":8,"title":8}
{"Unnamed: 0":4,"title":4}
{"Unnamed: 0":17,"title":17}
{"Unnamed: 0":20,"title":20}
{"Unnamed: 0":14,"title":14}
{"Unnamed: 0":1,"title":1}
{"Unnamed: 0":11,"title":11}
{"Unnamed: 0":5,"title":5}
{"Unnamed: 0":15,"title":15}
{"Unnamed: 0":10,"title":10}
{"Unnamed: 0":2,"title":2}
{"Unnamed: 0":1,"title":1}
{"Unnamed: 0":7,"title":7}
{"Unnamed: 0":3,"title":3}
{"Unnamed: 0":8,"title":8}
{"Unnamed: 0":17,"title":17}
{"Unnamed: 0":3,"title":3}
{"Unnamed: 0":14,"title":14}
{"Unnamed: 0":5,"title":5}
{"Unnamed: 0":1,"title":1}